ID,APOE_genotype
P0001,e4/e4
P0002,e4/e4
P0003,e4/e4
P0004,e4/e4
P0005,e4/e4
P0006,e4/e4
P0007,e4/e4
P0008,e4/e4
P0009,e4/e4
P0010,e4/e4
P0011,e4/e4
P0012,e4/e4
P0013,e4/e4
P0014,e4/e4
P0015,e4/e4
P0016,e4/e4
P0017,e4/e4
P0018,e4/e4
P0019,e4/e4
P0020,e4/e4
P0021,e4/e4
P0022,e4/e4
P0023,e4/e4
P0024,e4/e4
P0025,e4/e4
P0026,e4/e4
P0027,e4/e4
P0028,e4/e4
P0029,e4/e4
P0030,e4/e4
P0031,e4/e4
P0032,e4/e4
P0033,e4/e4
P0034,e4/e4
P0035,e4/e4
P0036,e4/e4
P0037,e4/e4
P0038,e4/e4
P0039,e4/e4
P0040,e4/e4
P0041,e4/e4
P0042,e4/e4
P0043,e4/e4
P0044,e4/e4
P0045,e4/e4
P0046,e4/e4
P0047,e4/e4
P0048,e4/e4
P0049,e4/e4
P0050,e4/e4
P0051,e4/e4
P0052,e4/e4
P0053,e4/e4
P0054,e4/e4
P0055,e4/e4
P0056,e4/e4
P0057,e4/e4
P0058,e4/e4
P0059,e4/e4
P0060,e4/e4
P0061,e4/e4
P0062,e4/e4
P0063,e4/e4
P0064,e4/e4
P0065,e4/e4
P0066,e4/e4
P0067,e4/e4
P0068,e4/e4
P0069,e4/e4
P0070,e4/e4
P0071,e4/e4
P0072,e4/e4
P0073,e4/e4
P0074,e4/e4
P0075,e4/e4
P0076,e4/e4
P0077,e4/e4
P0078,e4/e4
P0079,e4/e4
P0080,e4/e4
P0081,e4/e4
P0082,e4/e4
P0083,e4/e4
P0084,e4/e4
P0085,e4/e4
P0086,e4/e4
P0087,e4/e4
P0088,e4/e4
P0089,e4/e4
P0090,e4/e4
P0091,e4/e4
P0092,e4/e4
P0093,e4/e4
P0094,e4/e4
P0095,e4/e4
P0096,e4/e4
P0097,e4/e4
P0098,e4/e4
P0099,e4/e4
P0100,e4/e4
P0101,e4/e4
P0102,e4/e4
P0103,e4/e4
P0104,e4/e4
P0105,e4/e4
P0106,e4/e4
P0107,e4/e4
P0108,e4/e4
P0109,e4/e4
P0110,e4/e4
P0111,e4/e4
P0112,e4/e4
P0113,e4/e4
P0114,e4/e4
P0115,e4/e4
P0116,e4/e4
P0117,e4/e4
P0118,e4/e4
P0119,e4/e4
P0120,e4/e4
P0121,e4/e4
P0122,e4/e4
P0123,e4/e4
P0124,e4/e4
P0125,e4/e4
P0126,e4/e4
P0127,e4/e4
P0128,e4/e4
P0129,e4/e4
P0130,e4/e4
P0131,e4/e4
P0132,e4/e4
P0133,e4/e4
P0134,e4/e4
P0135,e4/e4
P0136,e4/e4
P0137,e4/e4
P0138,e4/e4
P0139,e4/e4
P0140,e4/e4
P0141,e4/e4
P0142,e4/e4
P0143,e4/e4
P0144,e4/e4
P0145,e4/e4
P0146,e4/e4
P0147,e4/e4
P0148,e4/e4
P0149,e4/e4
P0150,e4/e4
P0151,e4/e4
P0152,e4/e4
P0153,e4/e4
P0154,e4/e4
P0155,e4/e4
P0156,e4/e4
P0157,e4/e4
P0158,e4/e4
P0159,e4/e4
P0160,e4/e4
P0161,e4/e4
P0162,e4/e4
P0163,e4/e4
P0164,e4/e4
P0165,e4/e4
P0166,e4/e4
P0167,e4/e4
P0168,e4/e4
P0169,e4/e4
P0170,e4/e4
P0171,e4/e4
P0172,e4/e4
P0173,e4/e4
P0174,e4/e4
P0175,e4/e4
P0176,e4/e4
P0177,e4/e4
P0178,e4/e4
P0179,e4/e4
P0180,e4/e4
P0181,e4/e4
P0182,e4/e4
P0183,e4/e4
P0184,e4/e4
P0185,e4/e4
P0186,e4/e4
P0187,e4/e4
P0188,e4/e4
P0189,e4/e4
P0190,e4/e4
P0191,e4/e4
P0192,e4/e4
P0193,e4/e4
P0194,e4/e4
P0195,e4/e4
P0196,e4/e4
P0197,e4/e4
P0198,e4/e4
P0199,e4/e4
P0200,e4/e4
P0201,e3/e4
P0202,e3/e4
P0203,e3/e4
P0204,e3/e4
P0205,e3/e4
P0206,e3/e4
P0207,e3/e4
P0208,e3/e4
P0209,e3/e4
P0210,e3/e4
P0211,e3/e4
P0212,e3/e4
P0213,e3/e4
P0214,e3/e4
P0215,e3/e4
P0216,e3/e4
P0217,e3/e4
P0218,e3/e4
P0219,e3/e4
P0220,e3/e4
P0221,e3/e4
P0222,e3/e4
P0223,e3/e4
P0224,e3/e4
P0225,e3/e4
P0226,e3/e4
P0227,e3/e4
P0228,e3/e4
P0229,e3/e4
P0230,e3/e4
P0231,e3/e4
P0232,e3/e4
P0233,e3/e4
P0234,e3/e4
P0235,e3/e4
P0236,e3/e4
P0237,e3/e4
P0238,e3/e4
P0239,e3/e4
P0240,e3/e4
P0241,e3/e4
P0242,e3/e4
P0243,e3/e4
P0244,e3/e4
P0245,e3/e4
P0246,e3/e4
P0247,e3/e4
P0248,e3/e4
P0249,e3/e4
P0250,e3/e4
P0251,e3/e4
P0252,e3/e4
P0253,e3/e4
P0254,e3/e4
P0255,e3/e4
P0256,e3/e4
P0257,e3/e4
P0258,e3/e4
P0259,e3/e4
P0260,e3/e4
P0261,e3/e4
P0262,e3/e4
P0263,e3/e4
P0264,e3/e4
P0265,e3/e4
P0266,e3/e4
P0267,e3/e4
P0268,e3/e4
P0269,e3/e4
P0270,e3/e4
P0271,e3/e4
P0272,e3/e4
P0273,e3/e4
P0274,e3/e4
P0275,e3/e4
P0276,e3/e4
P0277,e3/e4
P0278,e3/e4
P0279,e3/e4
P0280,e3/e4
P0281,e3/e4
P0282,e3/e4
P0283,e3/e4
P0284,e3/e4
P0285,e3/e4
P0286,e3/e4
P0287,e3/e4
P0288,e3/e4
P0289,e3/e4
P0290,e3/e4
P0291,e3/e4
P0292,e3/e4
P0293,e3/e4
P0294,e3/e4
P0295,e3/e4
P0296,e3/e4
P0297,e3/e4
P0298,e3/e4
P0299,e3/e4
P0300,e3/e4
P0301,e3/e4
P0302,e3/e4
P0303,e3/e4
P0304,e3/e4
P0305,e3/e4
P0306,e3/e4
P0307,e3/e4
P0308,e3/e4
P0309,e3/e4
P0310,e3/e4
P0311,e3/e4
P0312,e3/e4
P0313,e3/e4
P0314,e3/e4
P0315,e3/e4
P0316,e3/e4
P0317,e3/e4
P0318,e3/e4
P0319,e3/e4
P0320,e3/e4
P0321,e3/e4
P0322,e3/e4
P0323,e3/e4
P0324,e3/e4
P0325,e3/e4
P0326,e3/e4
P0327,e3/e4
P0328,e3/e4
P0329,e3/e4
P0330,e3/e4
P0331,e3/e4
P0332,e3/e4
P0333,e3/e4
P0334,e3/e4
P0335,e3/e4
P0336,e3/e4
P0337,e3/e4
P0338,e3/e4
P0339,e3/e4
P0340,e3/e4
P0341,e3/e4
P0342,e3/e4
P0343,e3/e4
P0344,e3/e4
P0345,e3/e4
P0346,e3/e4
P0347,e3/e4
P0348,e3/e4
P0349,e3/e4
P0350,e3/e4
P0351,e3/e4
P0352,e3/e4
P0353,e3/e4
P0354,e3/e4
P0355,e3/e4
P0356,e3/e4
P0357,e3/e4
P0358,e3/e4
P0359,e3/e4
P0360,e3/e4
P0361,e3/e4
P0362,e3/e4
P0363,e3/e4
P0364,e3/e4
P0365,e3/e4
P0366,e3/e4
P0367,e3/e4
P0368,e3/e4
P0369,e3/e4
P0370,e3/e4
P0371,e3/e4
P0372,e3/e4
P0373,e3/e4
P0374,e3/e4
P0375,e3/e4
P0376,e3/e4
P0377,e3/e4
P0378,e3/e4
P0379,e3/e4
P0380,e3/e4
P0381,e3/e4
P0382,e3/e4
P0383,e3/e4
P0384,e3/e4
P0385,e3/e4
P0386,e3/e4
P0387,e3/e4
P0388,e3/e4
P0389,e3/e4
P0390,e3/e4
P0391,e3/e4
P0392,e3/e4
P0393,e3/e4
P0394,e3/e4
P0395,e3/e4
P0396,e3/e4
P0397,e3/e4
P0398,e3/e4
P0399,e3/e4
P0400,e3/e4
P0401,e2/e4
P0402,e2/e4
P0403,e2/e4
P0404,e2/e4
P0405,e2/e4
P0406,e2/e4
P0407,e2/e4
P0408,e2/e4
P0409,e2/e4
P0410,e2/e4
P0411,e2/e4
P0412,e2/e4
P0413,e2/e4
P0414,e2/e4
P0415,e2/e4
P0416,e2/e4
P0417,e2/e4
P0418,e2/e4
P0419,e2/e4
P0420,e2/e4
P0421,e2/e4
P0422,e2/e4
P0423,e2/e4
P0424,e2/e4
P0425,e2/e4
P0426,e2/e4
P0427,e2/e4
P0428,e2/e4
P0429,e2/e4
P0430,e2/e4
P0431,e2/e4
P0432,e2/e4
P0433,e2/e4
P0434,e2/e4
P0435,e2/e4
P0436,e2/e4
P0437,e2/e4
P0438,e2/e4
P0439,e2/e4
P0440,e2/e4
P0441,e2/e4
P0442,e2/e4
P0443,e2/e4
P0444,e2/e4
P0445,e2/e4
P0446,e2/e4
P0447,e2/e4
P0448,e2/e4
P0449,e2/e4
P0450,e2/e4
P0451,e2/e4
P0452,e2/e4
P0453,e2/e4
P0454,e2/e4
P0455,e2/e4
P0456,e2/e4
P0457,e2/e4
P0458,e2/e4
P0459,e2/e4
P0460,e2/e4
P0461,e2/e4
P0462,e2/e4
P0463,e2/e4
P0464,e2/e4
P0465,e2/e4
P0466,e2/e4
P0467,e2/e4
P0468,e2/e4
P0469,e2/e4
P0470,e2/e4
P0471,e2/e4
P0472,e2/e4
P0473,e2/e4
P0474,e2/e4
P0475,e2/e4
P0476,e2/e4
P0477,e2/e4
P0478,e2/e4
P0479,e2/e4
P0480,e2/e4
P0481,e2/e4
P0482,e2/e4
P0483,e2/e4
P0484,e2/e4
P0485,e2/e4
P0486,e2/e4
P0487,e2/e4
P0488,e2/e4
P0489,e2/e4
P0490,e2/e4
P0491,e2/e4
P0492,e2/e4
P0493,e2/e4
P0494,e2/e4
P0495,e2/e4
P0496,e2/e4
P0497,e2/e4
P0498,e2/e4
P0499,e2/e4
P0500,e2/e4
P0501,e2/e4
P0502,e2/e4
P0503,e2/e4
P0504,e2/e4
P0505,e2/e4
P0506,e2/e4
P0507,e2/e4
P0508,e2/e4
P0509,e2/e4
P0510,e2/e4
P0511,e2/e4
P0512,e2/e4
P0513,e2/e4
P0514,e2/e4
P0515,e2/e4
P0516,e2/e4
P0517,e2/e4
P0518,e2/e4
P0519,e2/e4
P0520,e2/e4
P0521,e2/e4
P0522,e2/e4
P0523,e2/e4
P0524,e2/e4
P0525,e2/e4
P0526,e2/e4
P0527,e2/e4
P0528,e2/e4
P0529,e2/e4
P0530,e2/e4
P0531,e2/e4
P0532,e2/e4
P0533,e2/e4
P0534,e2/e4
P0535,e2/e4
P0536,e2/e4
P0537,e2/e4
P0538,e2/e4
P0539,e2/e4
P0540,e2/e4
P0541,e2/e4
P0542,e2/e4
P0543,e2/e4
P0544,e2/e4
P0545,e2/e4
P0546,e2/e4
P0547,e2/e4
P0548,e2/e4
P0549,e2/e4
P0550,e2/e4
P0551,e2/e4
P0552,e2/e4
P0553,e2/e4
P0554,e2/e4
P0555,e2/e4
P0556,e2/e4
P0557,e2/e4
P0558,e2/e4
P0559,e2/e4
P0560,e2/e4
P0561,e2/e4
P0562,e2/e4
P0563,e2/e4
P0564,e2/e4
P0565,e2/e4
P0566,e2/e4
P0567,e2/e4
P0568,e2/e4
P0569,e2/e4
P0570,e2/e4
P0571,e2/e4
P0572,e2/e4
P0573,e2/e4
P0574,e2/e4
P0575,e2/e4
P0576,e2/e4
P0577,e2/e4
P0578,e2/e4
P0579,e2/e4
P0580,e2/e4
P0581,e2/e4
P0582,e2/e4
P0583,e2/e4
P0584,e2/e4
P0585,e2/e4
P0586,e2/e4
P0587,e2/e4
P0588,e2/e4
P0589,e2/e4
P0590,e2/e4
P0591,e2/e4
P0592,e2/e4
P0593,e2/e4
P0594,e2/e4
P0595,e2/e4
P0596,e2/e4
P0597,e2/e4
P0598,e2/e4
P0599,e2/e4
P0600,e2/e4
P0601,e3/e3
P0602,e3/e3
P0603,e3/e3
P0604,e3/e3
P0605,e3/e3
P0606,e3/e3
P0607,e3/e3
P0608,e3/e3
P0609,e3/e3
P0610,e3/e3
P0611,e3/e3
P0612,e3/e3
P0613,e3/e3
P0614,e3/e3
P0615,e3/e3
P0616,e3/e3
P0617,e3/e3
P0618,e3/e3
P0619,e3/e3
P0620,e3/e3
P0621,e3/e3
P0622,e3/e3
P0623,e3/e3
P0624,e3/e3
P0625,e3/e3
P0626,e3/e3
P0627,e3/e3
P0628,e3/e3
P0629,e3/e3
P0630,e3/e3
P0631,e3/e3
P0632,e3/e3
P0633,e3/e3
P0634,e3/e3
P0635,e3/e3
P0636,e3/e3
P0637,e3/e3
P0638,e3/e3
P0639,e3/e3
P0640,e3/e3
P0641,e3/e3
P0642,e3/e3
P0643,e3/e3
P0644,e3/e3
P0645,e3/e3
P0646,e3/e3
P0647,e3/e3
P0648,e3/e3
P0649,e3/e3
P0650,e3/e3
P0651,e3/e3
P0652,e3/e3
P0653,e3/e3
P0654,e3/e3
P0655,e3/e3
P0656,e3/e3
P0657,e3/e3
P0658,e3/e3
P0659,e3/e3
P0660,e3/e3
P0661,e3/e3
P0662,e3/e3
P0663,e3/e3
P0664,e3/e3
P0665,e3/e3
P0666,e3/e3
P0667,e3/e3
P0668,e3/e3
P0669,e3/e3
P0670,e3/e3
P0671,e3/e3
P0672,e3/e3
P0673,e3/e3
P0674,e3/e3
P0675,e3/e3
P0676,e3/e3
P0677,e3/e3
P0678,e3/e3
P0679,e3/e3
P0680,e3/e3
P0681,e3/e3
P0682,e3/e3
P0683,e3/e3
P0684,e3/e3
P0685,e3/e3
P0686,e3/e3
P0687,e3/e3
P0688,e3/e3
P0689,e3/e3
P0690,e3/e3
P0691,e3/e3
P0692,e3/e3
P0693,e3/e3
P0694,e3/e3
P0695,e3/e3
P0696,e3/e3
P0697,e3/e3
P0698,e3/e3
P0699,e3/e3
P0700,e3/e3
P0701,e3/e3
P0702,e3/e3
P0703,e3/e3
P0704,e3/e3
P0705,e3/e3
P0706,e3/e3
P0707,e3/e3
P0708,e3/e3
P0709,e3/e3
P0710,e3/e3
P0711,e3/e3
P0712,e3/e3
P0713,e3/e3
P0714,e3/e3
P0715,e3/e3
P0716,e3/e3
P0717,e3/e3
P0718,e3/e3
P0719,e3/e3
P0720,e3/e3
P0721,e3/e3
P0722,e3/e3
P0723,e3/e3
P0724,e3/e3
P0725,e3/e3
P0726,e3/e3
P0727,e3/e3
P0728,e3/e3
P0729,e3/e3
P0730,e3/e3
P0731,e3/e3
P0732,e3/e3
P0733,e3/e3
P0734,e3/e3
P0735,e3/e3
P0736,e3/e3
P0737,e3/e3
P0738,e3/e3
P0739,e3/e3
P0740,e3/e3
P0741,e3/e3
P0742,e3/e3
P0743,e3/e3
P0744,e3/e3
P0745,e3/e3
P0746,e3/e3
P0747,e3/e3
P0748,e3/e3
P0749,e3/e3
P0750,e3/e3
P0751,e3/e3
P0752,e3/e3
P0753,e3/e3
P0754,e3/e3
P0755,e3/e3
P0756,e3/e3
P0757,e3/e3
P0758,e3/e3
P0759,e3/e3
P0760,e3/e3
P0761,e3/e3
P0762,e3/e3
P0763,e3/e3
P0764,e3/e3
P0765,e3/e3
P0766,e3/e3
P0767,e3/e3
P0768,e3/e3
P0769,e3/e3
P0770,e3/e3
P0771,e3/e3
P0772,e3/e3
P0773,e3/e3
P0774,e3/e3
P0775,e3/e3
P0776,e3/e3
P0777,e3/e3
P0778,e3/e3
P0779,e3/e3
P0780,e3/e3
P0781,e3/e3
P0782,e3/e3
P0783,e3/e3
P0784,e3/e3
P0785,e3/e3
P0786,e3/e3
P0787,e3/e3
P0788,e3/e3
P0789,e3/e3
P0790,e3/e3
P0791,e3/e3
P0792,e3/e3
P0793,e3/e3
P0794,e3/e3
P0795,e3/e3
P0796,e3/e3
P0797,e3/e3
P0798,e3/e3
P0799,e3/e3
P0800,e3/e3
P0801,e2/e3
P0802,e2/e3
P0803,e2/e3
P0804,e2/e3
P0805,e2/e3
P0806,e2/e3
P0807,e2/e3
P0808,e2/e3
P0809,e2/e3
P0810,e2/e3
P0811,e2/e3
P0812,e2/e3
P0813,e2/e3
P0814,e2/e3
P0815,e2/e3
P0816,e2/e3
P0817,e2/e3
P0818,e2/e3
P0819,e2/e3
P0820,e2/e3
P0821,e2/e3
P0822,e2/e3
P0823,e2/e3
P0824,e2/e3
P0825,e2/e3
P0826,e2/e3
P0827,e2/e3
P0828,e2/e3
P0829,e2/e3
P0830,e2/e3
P0831,e2/e3
P0832,e2/e3
P0833,e2/e3
P0834,e2/e3
P0835,e2/e3
P0836,e2/e3
P0837,e2/e3
P0838,e2/e3
P0839,e2/e3
P0840,e2/e3
P0841,e2/e3
P0842,e2/e3
P0843,e2/e3
P0844,e2/e3
P0845,e2/e3
P0846,e2/e3
P0847,e2/e3
P0848,e2/e3
P0849,e2/e3
P0850,e2/e3
P0851,e2/e3
P0852,e2/e3
P0853,e2/e3
P0854,e2/e3
P0855,e2/e3
P0856,e2/e3
P0857,e2/e3
P0858,e2/e3
P0859,e2/e3
P0860,e2/e3
P0861,e2/e3
P0862,e2/e3
P0863,e2/e3
P0864,e2/e3
P0865,e2/e3
P0866,e2/e3
P0867,e2/e3
P0868,e2/e3
P0869,e2/e3
P0870,e2/e3
P0871,e2/e3
P0872,e2/e3
P0873,e2/e3
P0874,e2/e3
P0875,e2/e3
P0876,e2/e3
P0877,e2/e3
P0878,e2/e3
P0879,e2/e3
P0880,e2/e3
P0881,e2/e3
P0882,e2/e3
P0883,e2/e3
P0884,e2/e3
P0885,e2/e3
P0886,e2/e3
P0887,e2/e3
P0888,e2/e3
P0889,e2/e3
P0890,e2/e3
P0891,e2/e3
P0892,e2/e3
P0893,e2/e3
P0894,e2/e3
P0895,e2/e3
P0896,e2/e3
P0897,e2/e3
P0898,e2/e3
P0899,e2/e3
P0900,e2/e3
P0901,e2/e3
P0902,e2/e3
P0903,e2/e3
P0904,e2/e3
P0905,e2/e3
P0906,e2/e3
P0907,e2/e3
P0908,e2/e3
P0909,e2/e3
P0910,e2/e3
P0911,e2/e3
P0912,e2/e3
P0913,e2/e3
P0914,e2/e3
P0915,e2/e3
P0916,e2/e3
P0917,e2/e3
P0918,e2/e3
P0919,e2/e3
P0920,e2/e3
P0921,e2/e3
P0922,e2/e3
P0923,e2/e3
P0924,e2/e3
P0925,e2/e3
P0926,e2/e3
P0927,e2/e3
P0928,e2/e3
P0929,e2/e3
P0930,e2/e3
P0931,e2/e3
P0932,e2/e3
P0933,e2/e3
P0934,e2/e3
P0935,e2/e3
P0936,e2/e3
P0937,e2/e3
P0938,e2/e3
P0939,e2/e3
P0940,e2/e3
P0941,e2/e3
P0942,e2/e3
P0943,e2/e3
P0944,e2/e3
P0945,e2/e3
P0946,e2/e3
P0947,e2/e3
P0948,e2/e3
P0949,e2/e3
P0950,e2/e3
P0951,e2/e3
P0952,e2/e3
P0953,e2/e3
P0954,e2/e3
P0955,e2/e3
P0956,e2/e3
P0957,e2/e3
P0958,e2/e3
P0959,e2/e3
P0960,e2/e3
P0961,e2/e3
P0962,e2/e3
P0963,e2/e3
P0964,e2/e3
P0965,e2/e3
P0966,e2/e3
P0967,e2/e3
P0968,e2/e3
P0969,e2/e3
P0970,e2/e3
P0971,e2/e3
P0972,e2/e3
P0973,e2/e3
P0974,e2/e3
P0975,e2/e3
P0976,e2/e3
P0977,e2/e3
P0978,e2/e3
P0979,e2/e3
P0980,e2/e3
P0981,e2/e3
P0982,e2/e3
P0983,e2/e3
P0984,e2/e3
P0985,e2/e3
P0986,e2/e3
P0987,e2/e3
P0988,e2/e3
P0989,e2/e3
P0990,e2/e3
P0991,e2/e3
P0992,e2/e3
P0993,e2/e3
P0994,e2/e3
P0995,e2/e3
P0996,e2/e3
P0997,e2/e3
P0998,e2/e3
P0999,e2/e3
P1000,e2/e3
P1001,e2/e2
P1002,e2/e2
P1003,e2/e2
P1004,e2/e2
P1005,e2/e2
P1006,e2/e2
P1007,e2/e2
P1008,e2/e2
P1009,e2/e2
P1010,e2/e2
P1011,e2/e2
P1012,e2/e2
P1013,e2/e2
P1014,e2/e2
P1015,e2/e2
P1016,e2/e2
P1017,e2/e2
P1018,e2/e2
P1019,e2/e2
P1020,e2/e2
P1021,e2/e2
P1022,e2/e2
P1023,e2/e2
P1024,e2/e2
P1025,e2/e2
P1026,e2/e2
P1027,e2/e2
P1028,e2/e2
P1029,e2/e2
P1030,e2/e2
P1031,e2/e2
P1032,e2/e2
P1033,e2/e2
P1034,e2/e2
P1035,e2/e2
P1036,e2/e2
P1037,e2/e2
P1038,e2/e2
P1039,e2/e2
P1040,e2/e2
P1041,e2/e2
P1042,e2/e2
P1043,e2/e2
P1044,e2/e2
P1045,e2/e2
P1046,e2/e2
P1047,e2/e2
P1048,e2/e2
P1049,e2/e2
P1050,e2/e2
P1051,e2/e2
P1052,e2/e2
P1053,e2/e2
P1054,e2/e2
P1055,e2/e2
P1056,e2/e2
P1057,e2/e2
P1058,e2/e2
P1059,e2/e2
P1060,e2/e2
P1061,e2/e2
P1062,e2/e2
P1063,e2/e2
P1064,e2/e2
P1065,e2/e2
P1066,e2/e2
P1067,e2/e2
P1068,e2/e2
P1069,e2/e2
P1070,e2/e2
P1071,e2/e2
P1072,e2/e2
P1073,e2/e2
P1074,e2/e2
P1075,e2/e2
P1076,e2/e2
P1077,e2/e2
P1078,e2/e2
P1079,e2/e2
P1080,e2/e2
P1081,e2/e2
P1082,e2/e2
P1083,e2/e2
P1084,e2/e2
P1085,e2/e2
P1086,e2/e2
P1087,e2/e2
P1088,e2/e2
P1089,e2/e2
P1090,e2/e2
P1091,e2/e2
P1092,e2/e2
P1093,e2/e2
P1094,e2/e2
P1095,e2/e2
P1096,e2/e2
P1097,e2/e2
P1098,e2/e2
P1099,e2/e2
P1100,e2/e2
P1101,e2/e2
P1102,e2/e2
P1103,e2/e2
P1104,e2/e2
P1105,e2/e2
P1106,e2/e2
P1107,e2/e2
P1108,e2/e2
P1109,e2/e2
P1110,e2/e2
P1111,e2/e2
P1112,e2/e2
P1113,e2/e2
P1114,e2/e2
P1115,e2/e2
P1116,e2/e2
P1117,e2/e2
P1118,e2/e2
P1119,e2/e2
P1120,e2/e2
P1121,e2/e2
P1122,e2/e2
P1123,e2/e2
P1124,e2/e2
P1125,e2/e2
P1126,e2/e2
P1127,e2/e2
P1128,e2/e2
P1129,e2/e2
P1130,e2/e2
P1131,e2/e2
P1132,e2/e2
P1133,e2/e2
P1134,e2/e2
P1135,e2/e2
P1136,e2/e2
P1137,e2/e2
P1138,e2/e2
P1139,e2/e2
P1140,e2/e2
P1141,e2/e2
P1142,e2/e2
P1143,e2/e2
P1144,e2/e2
P1145,e2/e2
P1146,e2/e2
P1147,e2/e2
P1148,e2/e2
P1149,e2/e2
P1150,e2/e2
P1151,e2/e2
P1152,e2/e2
P1153,e2/e2
P1154,e2/e2
P1155,e2/e2
P1156,e2/e2
P1157,e2/e2
P1158,e2/e2
P1159,e2/e2
P1160,e2/e2
P1161,e2/e2
P1162,e2/e2
P1163,e2/e2
P1164,e2/e2
P1165,e2/e2
P1166,e2/e2
P1167,e2/e2
P1168,e2/e2
P1169,e2/e2
P1170,e2/e2
P1171,e2/e2
P1172,e2/e2
P1173,e2/e2
P1174,e2/e2
P1175,e2/e2
P1176,e2/e2
P1177,e2/e2
P1178,e2/e2
P1179,e2/e2
P1180,e2/e2
P1181,e2/e2
P1182,e2/e2
P1183,e2/e2
P1184,e2/e2
P1185,e2/e2
P1186,e2/e2
P1187,e2/e2
P1188,e2/e2
P1189,e2/e2
P1190,e2/e2
P1191,e2/e2
P1192,e2/e2
P1193,e2/e2
P1194,e2/e2
P1195,e2/e2
P1196,e2/e2
P1197,e2/e2
P1198,e2/e2
P1199,e2/e2
P1200,e2/e2
