ID,PRS_liability,Group
P0001,-3.5,Control
P0002,-3.452,Control
P0003,-3.403,Control
P0004,-3.355,Control
P0005,-3.306,Control
P0006,-3.258,Control
P0007,-3.209,Control
P0008,-3.161,Control
P0009,-3.112,Control
P0010,-3.064,Control
P0011,-3.015,Control
P0012,-2.967,Control
P0013,-2.918,Control
P0014,-2.87,Control
P0015,-2.821,Control
P0016,-2.773,Control
P0017,-2.724,Control
P0018,-2.676,Control
P0019,-2.627,Control
P0020,-2.579,Control
P0021,-2.53,Control
P0022,-2.482,Control
P0023,-2.433,Control
P0024,-2.385,Control
P0025,-2.336,Control
P0026,-2.288,Control
P0027,-2.239,Control
P0028,-2.191,Control
P0029,-2.142,Control
P0030,-2.094,Control
P0031,-2.045,Control
P0032,-1.997,Control
P0033,-1.948,Control
P0034,-1.9,Control
P0035,-1.852,Control
P0036,-1.803,Control
P0037,-1.755,Control
P0038,-1.706,Control
P0039,-1.658,Control
P0040,-1.609,Control
P0041,-1.561,Control
P0042,-1.512,Control
P0043,-1.464,Control
P0044,-1.415,Control
P0045,-1.367,Control
P0046,-1.318,Control
P0047,-1.27,Control
P0048,-1.221,Control
P0049,-1.173,Control
P0050,-1.124,Control
P0051,-1.076,Control
P0052,-1.027,Control
P0053,-0.979,Control
P0054,-0.93,Control
P0055,-0.882,Control
P0056,-0.833,Control
P0057,-0.785,Control
P0058,-0.736,Control
P0059,-0.688,Control
P0060,-0.639,Control
P0061,-0.591,Control
P0062,-0.542,Control
P0063,-0.494,Control
P0064,-0.445,Control
P0065,-0.397,Control
P0066,-0.348,Control
P0067,-0.3,Control
P0068,-0.252,Control
P0069,-0.203,Control
P0070,-0.155,Control
P0071,-0.106,Control
P0072,-0.058,Control
P0073,-0.009,Control
P0074,0.039,Control
P0075,0.088,Control
P0076,0.136,Control
P0077,0.185,Control
P0078,0.233,Control
P0079,0.282,Control
P0080,0.33,Control
P0081,0.379,Control
P0082,0.427,Control
P0083,0.476,Control
P0084,0.524,Control
P0085,0.573,Control
P0086,0.621,Control
P0087,0.67,Control
P0088,0.718,Control
P0089,0.767,Control
P0090,0.815,Control
P0091,0.864,Control
P0092,0.912,Control
P0093,0.961,Control
P0094,1.009,Control
P0095,1.058,Control
P0096,1.106,Control
P0097,1.155,Control
P0098,1.203,Control
P0099,1.252,Control
P0100,1.3,Control
P0101,-1.3,Case
P0102,-1.252,Case
P0103,-1.203,Case
P0104,-1.155,Case
P0105,-1.106,Case
P0106,-1.058,Case
P0107,-1.009,Case
P0108,-0.961,Case
P0109,-0.912,Case
P0110,-0.864,Case
P0111,-0.815,Case
P0112,-0.767,Case
P0113,-0.718,Case
P0114,-0.67,Case
P0115,-0.621,Case
P0116,-0.573,Case
P0117,-0.524,Case
P0118,-0.476,Case
P0119,-0.427,Case
P0120,-0.379,Case
P0121,-0.33,Case
P0122,-0.282,Case
P0123,-0.233,Case
P0124,-0.185,Case
P0125,-0.136,Case
P0126,-0.088,Case
P0127,-0.039,Case
P0128,0.009,Case
P0129,0.058,Case
P0130,0.106,Case
P0131,0.155,Case
P0132,0.203,Case
P0133,0.252,Case
P0134,0.3,Case
P0135,0.348,Case
P0136,0.397,Case
P0137,0.445,Case
P0138,0.494,Case
P0139,0.542,Case
P0140,0.591,Case
P0141,0.639,Case
P0142,0.688,Case
P0143,0.736,Case
P0144,0.785,Case
P0145,0.833,Case
P0146,0.882,Case
P0147,0.93,Case
P0148,0.979,Case
P0149,1.027,Case
P0150,1.076,Case
P0151,1.124,Case
P0152,1.173,Case
P0153,1.221,Case
P0154,1.27,Case
P0155,1.318,Case
P0156,1.367,Case
P0157,1.415,Case
P0158,1.464,Case
P0159,1.512,Case
P0160,1.561,Case
P0161,1.609,Case
P0162,1.658,Case
P0163,1.706,Case
P0164,1.755,Case
P0165,1.803,Case
P0166,1.852,Case
P0167,1.9,Case
P0168,1.948,Case
P0169,1.997,Case
P0170,2.045,Case
P0171,2.094,Case
P0172,2.142,Case
P0173,2.191,Case
P0174,2.239,Case
P0175,2.288,Case
P0176,2.336,Case
P0177,2.385,Case
P0178,2.433,Case
P0179,2.482,Case
P0180,2.53,Case
P0181,2.579,Case
P0182,2.627,Case
P0183,2.676,Case
P0184,2.724,Case
P0185,2.773,Case
P0186,2.821,Case
P0187,2.87,Case
P0188,2.918,Case
P0189,2.967,Case
P0190,3.015,Case
P0191,3.064,Case
P0192,3.112,Case
P0193,3.161,Case
P0194,3.209,Case
P0195,3.258,Case
P0196,3.306,Case
P0197,3.355,Case
P0198,3.403,Case
P0199,3.452,Case
P0200,3.5,Case
P0201,-3.5,Control
P0202,-3.452,Control
P0203,-3.403,Control
P0204,-3.355,Control
P0205,-3.306,Control
P0206,-3.258,Control
P0207,-3.209,Control
P0208,-3.161,Control
P0209,-3.112,Control
P0210,-3.064,Control
P0211,-3.015,Control
P0212,-2.967,Control
P0213,-2.918,Control
P0214,-2.87,Control
P0215,-2.821,Control
P0216,-2.773,Control
P0217,-2.724,Control
P0218,-2.676,Control
P0219,-2.627,Control
P0220,-2.579,Control
P0221,-2.53,Control
P0222,-2.482,Control
P0223,-2.433,Control
P0224,-2.385,Control
P0225,-2.336,Control
P0226,-2.288,Control
P0227,-2.239,Control
P0228,-2.191,Control
P0229,-2.142,Control
P0230,-2.094,Control
P0231,-2.045,Control
P0232,-1.997,Control
P0233,-1.948,Control
P0234,-1.9,Control
P0235,-1.852,Control
P0236,-1.803,Control
P0237,-1.755,Control
P0238,-1.706,Control
P0239,-1.658,Control
P0240,-1.609,Control
P0241,-1.561,Control
P0242,-1.512,Control
P0243,-1.464,Control
P0244,-1.415,Control
P0245,-1.367,Control
P0246,-1.318,Control
P0247,-1.27,Control
P0248,-1.221,Control
P0249,-1.173,Control
P0250,-1.124,Control
P0251,-1.076,Control
P0252,-1.027,Control
P0253,-0.979,Control
P0254,-0.93,Control
P0255,-0.882,Control
P0256,-0.833,Control
P0257,-0.785,Control
P0258,-0.736,Control
P0259,-0.688,Control
P0260,-0.639,Control
P0261,-0.591,Control
P0262,-0.542,Control
P0263,-0.494,Control
P0264,-0.445,Control
P0265,-0.397,Control
P0266,-0.348,Control
P0267,-0.3,Control
P0268,-0.252,Control
P0269,-0.203,Control
P0270,-0.155,Control
P0271,-0.106,Control
P0272,-0.058,Control
P0273,-0.009,Control
P0274,0.039,Control
P0275,0.088,Control
P0276,0.136,Control
P0277,0.185,Control
P0278,0.233,Control
P0279,0.282,Control
P0280,0.33,Control
P0281,0.379,Control
P0282,0.427,Control
P0283,0.476,Control
P0284,0.524,Control
P0285,0.573,Control
P0286,0.621,Control
P0287,0.67,Control
P0288,0.718,Control
P0289,0.767,Control
P0290,0.815,Control
P0291,0.864,Control
P0292,0.912,Control
P0293,0.961,Control
P0294,1.009,Control
P0295,1.058,Control
P0296,1.106,Control
P0297,1.155,Control
P0298,1.203,Control
P0299,1.252,Control
P0300,1.3,Control
P0301,-1.3,Case
P0302,-1.252,Case
P0303,-1.203,Case
P0304,-1.155,Case
P0305,-1.106,Case
P0306,-1.058,Case
P0307,-1.009,Case
P0308,-0.961,Case
P0309,-0.912,Case
P0310,-0.864,Case
P0311,-0.815,Case
P0312,-0.767,Case
P0313,-0.718,Case
P0314,-0.67,Case
P0315,-0.621,Case
P0316,-0.573,Case
P0317,-0.524,Case
P0318,-0.476,Case
P0319,-0.427,Case
P0320,-0.379,Case
P0321,-0.33,Case
P0322,-0.282,Case
P0323,-0.233,Case
P0324,-0.185,Case
P0325,-0.136,Case
P0326,-0.088,Case
P0327,-0.039,Case
P0328,0.009,Case
P0329,0.058,Case
P0330,0.106,Case
P0331,0.155,Case
P0332,0.203,Case
P0333,0.252,Case
P0334,0.3,Case
P0335,0.348,Case
P0336,0.397,Case
P0337,0.445,Case
P0338,0.494,Case
P0339,0.542,Case
P0340,0.591,Case
P0341,0.639,Case
P0342,0.688,Case
P0343,0.736,Case
P0344,0.785,Case
P0345,0.833,Case
P0346,0.882,Case
P0347,0.93,Case
P0348,0.979,Case
P0349,1.027,Case
P0350,1.076,Case
P0351,1.124,Case
P0352,1.173,Case
P0353,1.221,Case
P0354,1.27,Case
P0355,1.318,Case
P0356,1.367,Case
P0357,1.415,Case
P0358,1.464,Case
P0359,1.512,Case
P0360,1.561,Case
P0361,1.609,Case
P0362,1.658,Case
P0363,1.706,Case
P0364,1.755,Case
P0365,1.803,Case
P0366,1.852,Case
P0367,1.9,Case
P0368,1.948,Case
P0369,1.997,Case
P0370,2.045,Case
P0371,2.094,Case
P0372,2.142,Case
P0373,2.191,Case
P0374,2.239,Case
P0375,2.288,Case
P0376,2.336,Case
P0377,2.385,Case
P0378,2.433,Case
P0379,2.482,Case
P0380,2.53,Case
P0381,2.579,Case
P0382,2.627,Case
P0383,2.676,Case
P0384,2.724,Case
P0385,2.773,Case
P0386,2.821,Case
P0387,2.87,Case
P0388,2.918,Case
P0389,2.967,Case
P0390,3.015,Case
P0391,3.064,Case
P0392,3.112,Case
P0393,3.161,Case
P0394,3.209,Case
P0395,3.258,Case
P0396,3.306,Case
P0397,3.355,Case
P0398,3.403,Case
P0399,3.452,Case
P0400,3.5,Case
P0401,-3.5,Control
P0402,-3.452,Control
P0403,-3.403,Control
P0404,-3.355,Control
P0405,-3.306,Control
P0406,-3.258,Control
P0407,-3.209,Control
P0408,-3.161,Control
P0409,-3.112,Control
P0410,-3.064,Control
P0411,-3.015,Control
P0412,-2.967,Control
P0413,-2.918,Control
P0414,-2.87,Control
P0415,-2.821,Control
P0416,-2.773,Control
P0417,-2.724,Control
P0418,-2.676,Control
P0419,-2.627,Control
P0420,-2.579,Control
P0421,-2.53,Control
P0422,-2.482,Control
P0423,-2.433,Control
P0424,-2.385,Control
P0425,-2.336,Control
P0426,-2.288,Control
P0427,-2.239,Control
P0428,-2.191,Control
P0429,-2.142,Control
P0430,-2.094,Control
P0431,-2.045,Control
P0432,-1.997,Control
P0433,-1.948,Control
P0434,-1.9,Control
P0435,-1.852,Control
P0436,-1.803,Control
P0437,-1.755,Control
P0438,-1.706,Control
P0439,-1.658,Control
P0440,-1.609,Control
P0441,-1.561,Control
P0442,-1.512,Control
P0443,-1.464,Control
P0444,-1.415,Control
P0445,-1.367,Control
P0446,-1.318,Control
P0447,-1.27,Control
P0448,-1.221,Control
P0449,-1.173,Control
P0450,-1.124,Control
P0451,-1.076,Control
P0452,-1.027,Control
P0453,-0.979,Control
P0454,-0.93,Control
P0455,-0.882,Control
P0456,-0.833,Control
P0457,-0.785,Control
P0458,-0.736,Control
P0459,-0.688,Control
P0460,-0.639,Control
P0461,-0.591,Control
P0462,-0.542,Control
P0463,-0.494,Control
P0464,-0.445,Control
P0465,-0.397,Control
P0466,-0.348,Control
P0467,-0.3,Control
P0468,-0.252,Control
P0469,-0.203,Control
P0470,-0.155,Control
P0471,-0.106,Control
P0472,-0.058,Control
P0473,-0.009,Control
P0474,0.039,Control
P0475,0.088,Control
P0476,0.136,Control
P0477,0.185,Control
P0478,0.233,Control
P0479,0.282,Control
P0480,0.33,Control
P0481,0.379,Control
P0482,0.427,Control
P0483,0.476,Control
P0484,0.524,Control
P0485,0.573,Control
P0486,0.621,Control
P0487,0.67,Control
P0488,0.718,Control
P0489,0.767,Control
P0490,0.815,Control
P0491,0.864,Control
P0492,0.912,Control
P0493,0.961,Control
P0494,1.009,Control
P0495,1.058,Control
P0496,1.106,Control
P0497,1.155,Control
P0498,1.203,Control
P0499,1.252,Control
P0500,1.3,Control
P0501,-1.3,Case
P0502,-1.252,Case
P0503,-1.203,Case
P0504,-1.155,Case
P0505,-1.106,Case
P0506,-1.058,Case
P0507,-1.009,Case
P0508,-0.961,Case
P0509,-0.912,Case
P0510,-0.864,Case
P0511,-0.815,Case
P0512,-0.767,Case
P0513,-0.718,Case
P0514,-0.67,Case
P0515,-0.621,Case
P0516,-0.573,Case
P0517,-0.524,Case
P0518,-0.476,Case
P0519,-0.427,Case
P0520,-0.379,Case
P0521,-0.33,Case
P0522,-0.282,Case
P0523,-0.233,Case
P0524,-0.185,Case
P0525,-0.136,Case
P0526,-0.088,Case
P0527,-0.039,Case
P0528,0.009,Case
P0529,0.058,Case
P0530,0.106,Case
P0531,0.155,Case
P0532,0.203,Case
P0533,0.252,Case
P0534,0.3,Case
P0535,0.348,Case
P0536,0.397,Case
P0537,0.445,Case
P0538,0.494,Case
P0539,0.542,Case
P0540,0.591,Case
P0541,0.639,Case
P0542,0.688,Case
P0543,0.736,Case
P0544,0.785,Case
P0545,0.833,Case
P0546,0.882,Case
P0547,0.93,Case
P0548,0.979,Case
P0549,1.027,Case
P0550,1.076,Case
P0551,1.124,Case
P0552,1.173,Case
P0553,1.221,Case
P0554,1.27,Case
P0555,1.318,Case
P0556,1.367,Case
P0557,1.415,Case
P0558,1.464,Case
P0559,1.512,Case
P0560,1.561,Case
P0561,1.609,Case
P0562,1.658,Case
P0563,1.706,Case
P0564,1.755,Case
P0565,1.803,Case
P0566,1.852,Case
P0567,1.9,Case
P0568,1.948,Case
P0569,1.997,Case
P0570,2.045,Case
P0571,2.094,Case
P0572,2.142,Case
P0573,2.191,Case
P0574,2.239,Case
P0575,2.288,Case
P0576,2.336,Case
P0577,2.385,Case
P0578,2.433,Case
P0579,2.482,Case
P0580,2.53,Case
P0581,2.579,Case
P0582,2.627,Case
P0583,2.676,Case
P0584,2.724,Case
P0585,2.773,Case
P0586,2.821,Case
P0587,2.87,Case
P0588,2.918,Case
P0589,2.967,Case
P0590,3.015,Case
P0591,3.064,Case
P0592,3.112,Case
P0593,3.161,Case
P0594,3.209,Case
P0595,3.258,Case
P0596,3.306,Case
P0597,3.355,Case
P0598,3.403,Case
P0599,3.452,Case
P0600,3.5,Case
P0601,-3.5,Control
P0602,-3.452,Control
P0603,-3.403,Control
P0604,-3.355,Control
P0605,-3.306,Control
P0606,-3.258,Control
P0607,-3.209,Control
P0608,-3.161,Control
P0609,-3.112,Control
P0610,-3.064,Control
P0611,-3.015,Control
P0612,-2.967,Control
P0613,-2.918,Control
P0614,-2.87,Control
P0615,-2.821,Control
P0616,-2.773,Control
P0617,-2.724,Control
P0618,-2.676,Control
P0619,-2.627,Control
P0620,-2.579,Control
P0621,-2.53,Control
P0622,-2.482,Control
P0623,-2.433,Control
P0624,-2.385,Control
P0625,-2.336,Control
P0626,-2.288,Control
P0627,-2.239,Control
P0628,-2.191,Control
P0629,-2.142,Control
P0630,-2.094,Control
P0631,-2.045,Control
P0632,-1.997,Control
P0633,-1.948,Control
P0634,-1.9,Control
P0635,-1.852,Control
P0636,-1.803,Control
P0637,-1.755,Control
P0638,-1.706,Control
P0639,-1.658,Control
P0640,-1.609,Control
P0641,-1.561,Control
P0642,-1.512,Control
P0643,-1.464,Control
P0644,-1.415,Control
P0645,-1.367,Control
P0646,-1.318,Control
P0647,-1.27,Control
P0648,-1.221,Control
P0649,-1.173,Control
P0650,-1.124,Control
P0651,-1.076,Control
P0652,-1.027,Control
P0653,-0.979,Control
P0654,-0.93,Control
P0655,-0.882,Control
P0656,-0.833,Control
P0657,-0.785,Control
P0658,-0.736,Control
P0659,-0.688,Control
P0660,-0.639,Control
P0661,-0.591,Control
P0662,-0.542,Control
P0663,-0.494,Control
P0664,-0.445,Control
P0665,-0.397,Control
P0666,-0.348,Control
P0667,-0.3,Control
P0668,-0.252,Control
P0669,-0.203,Control
P0670,-0.155,Control
P0671,-0.106,Control
P0672,-0.058,Control
P0673,-0.009,Control
P0674,0.039,Control
P0675,0.088,Control
P0676,0.136,Control
P0677,0.185,Control
P0678,0.233,Control
P0679,0.282,Control
P0680,0.33,Control
P0681,0.379,Control
P0682,0.427,Control
P0683,0.476,Control
P0684,0.524,Control
P0685,0.573,Control
P0686,0.621,Control
P0687,0.67,Control
P0688,0.718,Control
P0689,0.767,Control
P0690,0.815,Control
P0691,0.864,Control
P0692,0.912,Control
P0693,0.961,Control
P0694,1.009,Control
P0695,1.058,Control
P0696,1.106,Control
P0697,1.155,Control
P0698,1.203,Control
P0699,1.252,Control
P0700,1.3,Control
P0701,-1.3,Case
P0702,-1.252,Case
P0703,-1.203,Case
P0704,-1.155,Case
P0705,-1.106,Case
P0706,-1.058,Case
P0707,-1.009,Case
P0708,-0.961,Case
P0709,-0.912,Case
P0710,-0.864,Case
P0711,-0.815,Case
P0712,-0.767,Case
P0713,-0.718,Case
P0714,-0.67,Case
P0715,-0.621,Case
P0716,-0.573,Case
P0717,-0.524,Case
P0718,-0.476,Case
P0719,-0.427,Case
P0720,-0.379,Case
P0721,-0.33,Case
P0722,-0.282,Case
P0723,-0.233,Case
P0724,-0.185,Case
P0725,-0.136,Case
P0726,-0.088,Case
P0727,-0.039,Case
P0728,0.009,Case
P0729,0.058,Case
P0730,0.106,Case
P0731,0.155,Case
P0732,0.203,Case
P0733,0.252,Case
P0734,0.3,Case
P0735,0.348,Case
P0736,0.397,Case
P0737,0.445,Case
P0738,0.494,Case
P0739,0.542,Case
P0740,0.591,Case
P0741,0.639,Case
P0742,0.688,Case
P0743,0.736,Case
P0744,0.785,Case
P0745,0.833,Case
P0746,0.882,Case
P0747,0.93,Case
P0748,0.979,Case
P0749,1.027,Case
P0750,1.076,Case
P0751,1.124,Case
P0752,1.173,Case
P0753,1.221,Case
P0754,1.27,Case
P0755,1.318,Case
P0756,1.367,Case
P0757,1.415,Case
P0758,1.464,Case
P0759,1.512,Case
P0760,1.561,Case
P0761,1.609,Case
P0762,1.658,Case
P0763,1.706,Case
P0764,1.755,Case
P0765,1.803,Case
P0766,1.852,Case
P0767,1.9,Case
P0768,1.948,Case
P0769,1.997,Case
P0770,2.045,Case
P0771,2.094,Case
P0772,2.142,Case
P0773,2.191,Case
P0774,2.239,Case
P0775,2.288,Case
P0776,2.336,Case
P0777,2.385,Case
P0778,2.433,Case
P0779,2.482,Case
P0780,2.53,Case
P0781,2.579,Case
P0782,2.627,Case
P0783,2.676,Case
P0784,2.724,Case
P0785,2.773,Case
P0786,2.821,Case
P0787,2.87,Case
P0788,2.918,Case
P0789,2.967,Case
P0790,3.015,Case
P0791,3.064,Case
P0792,3.112,Case
P0793,3.161,Case
P0794,3.209,Case
P0795,3.258,Case
P0796,3.306,Case
P0797,3.355,Case
P0798,3.403,Case
P0799,3.452,Case
P0800,3.5,Case
P0801,-3.5,Control
P0802,-3.452,Control
P0803,-3.403,Control
P0804,-3.355,Control
P0805,-3.306,Control
P0806,-3.258,Control
P0807,-3.209,Control
P0808,-3.161,Control
P0809,-3.112,Control
P0810,-3.064,Control
P0811,-3.015,Control
P0812,-2.967,Control
P0813,-2.918,Control
P0814,-2.87,Control
P0815,-2.821,Control
P0816,-2.773,Control
P0817,-2.724,Control
P0818,-2.676,Control
P0819,-2.627,Control
P0820,-2.579,Control
P0821,-2.53,Control
P0822,-2.482,Control
P0823,-2.433,Control
P0824,-2.385,Control
P0825,-2.336,Control
P0826,-2.288,Control
P0827,-2.239,Control
P0828,-2.191,Control
P0829,-2.142,Control
P0830,-2.094,Control
P0831,-2.045,Control
P0832,-1.997,Control
P0833,-1.948,Control
P0834,-1.9,Control
P0835,-1.852,Control
P0836,-1.803,Control
P0837,-1.755,Control
P0838,-1.706,Control
P0839,-1.658,Control
P0840,-1.609,Control
P0841,-1.561,Control
P0842,-1.512,Control
P0843,-1.464,Control
P0844,-1.415,Control
P0845,-1.367,Control
P0846,-1.318,Control
P0847,-1.27,Control
P0848,-1.221,Control
P0849,-1.173,Control
P0850,-1.124,Control
P0851,-1.076,Control
P0852,-1.027,Control
P0853,-0.979,Control
P0854,-0.93,Control
P0855,-0.882,Control
P0856,-0.833,Control
P0857,-0.785,Control
P0858,-0.736,Control
P0859,-0.688,Control
P0860,-0.639,Control
P0861,-0.591,Control
P0862,-0.542,Control
P0863,-0.494,Control
P0864,-0.445,Control
P0865,-0.397,Control
P0866,-0.348,Control
P0867,-0.3,Control
P0868,-0.252,Control
P0869,-0.203,Control
P0870,-0.155,Control
P0871,-0.106,Control
P0872,-0.058,Control
P0873,-0.009,Control
P0874,0.039,Control
P0875,0.088,Control
P0876,0.136,Control
P0877,0.185,Control
P0878,0.233,Control
P0879,0.282,Control
P0880,0.33,Control
P0881,0.379,Control
P0882,0.427,Control
P0883,0.476,Control
P0884,0.524,Control
P0885,0.573,Control
P0886,0.621,Control
P0887,0.67,Control
P0888,0.718,Control
P0889,0.767,Control
P0890,0.815,Control
P0891,0.864,Control
P0892,0.912,Control
P0893,0.961,Control
P0894,1.009,Control
P0895,1.058,Control
P0896,1.106,Control
P0897,1.155,Control
P0898,1.203,Control
P0899,1.252,Control
P0900,1.3,Control
P0901,-1.3,Case
P0902,-1.252,Case
P0903,-1.203,Case
P0904,-1.155,Case
P0905,-1.106,Case
P0906,-1.058,Case
P0907,-1.009,Case
P0908,-0.961,Case
P0909,-0.912,Case
P0910,-0.864,Case
P0911,-0.815,Case
P0912,-0.767,Case
P0913,-0.718,Case
P0914,-0.67,Case
P0915,-0.621,Case
P0916,-0.573,Case
P0917,-0.524,Case
P0918,-0.476,Case
P0919,-0.427,Case
P0920,-0.379,Case
P0921,-0.33,Case
P0922,-0.282,Case
P0923,-0.233,Case
P0924,-0.185,Case
P0925,-0.136,Case
P0926,-0.088,Case
P0927,-0.039,Case
P0928,0.009,Case
P0929,0.058,Case
P0930,0.106,Case
P0931,0.155,Case
P0932,0.203,Case
P0933,0.252,Case
P0934,0.3,Case
P0935,0.348,Case
P0936,0.397,Case
P0937,0.445,Case
P0938,0.494,Case
P0939,0.542,Case
P0940,0.591,Case
P0941,0.639,Case
P0942,0.688,Case
P0943,0.736,Case
P0944,0.785,Case
P0945,0.833,Case
P0946,0.882,Case
P0947,0.93,Case
P0948,0.979,Case
P0949,1.027,Case
P0950,1.076,Case
P0951,1.124,Case
P0952,1.173,Case
P0953,1.221,Case
P0954,1.27,Case
P0955,1.318,Case
P0956,1.367,Case
P0957,1.415,Case
P0958,1.464,Case
P0959,1.512,Case
P0960,1.561,Case
P0961,1.609,Case
P0962,1.658,Case
P0963,1.706,Case
P0964,1.755,Case
P0965,1.803,Case
P0966,1.852,Case
P0967,1.9,Case
P0968,1.948,Case
P0969,1.997,Case
P0970,2.045,Case
P0971,2.094,Case
P0972,2.142,Case
P0973,2.191,Case
P0974,2.239,Case
P0975,2.288,Case
P0976,2.336,Case
P0977,2.385,Case
P0978,2.433,Case
P0979,2.482,Case
P0980,2.53,Case
P0981,2.579,Case
P0982,2.627,Case
P0983,2.676,Case
P0984,2.724,Case
P0985,2.773,Case
P0986,2.821,Case
P0987,2.87,Case
P0988,2.918,Case
P0989,2.967,Case
P0990,3.015,Case
P0991,3.064,Case
P0992,3.112,Case
P0993,3.161,Case
P0994,3.209,Case
P0995,3.258,Case
P0996,3.306,Case
P0997,3.355,Case
P0998,3.403,Case
P0999,3.452,Case
P1000,3.5,Case
P1001,-3.5,Control
P1002,-3.452,Control
P1003,-3.403,Control
P1004,-3.355,Control
P1005,-3.306,Control
P1006,-3.258,Control
P1007,-3.209,Control
P1008,-3.161,Control
P1009,-3.112,Control
P1010,-3.064,Control
P1011,-3.015,Control
P1012,-2.967,Control
P1013,-2.918,Control
P1014,-2.87,Control
P1015,-2.821,Control
P1016,-2.773,Control
P1017,-2.724,Control
P1018,-2.676,Control
P1019,-2.627,Control
P1020,-2.579,Control
P1021,-2.53,Control
P1022,-2.482,Control
P1023,-2.433,Control
P1024,-2.385,Control
P1025,-2.336,Control
P1026,-2.288,Control
P1027,-2.239,Control
P1028,-2.191,Control
P1029,-2.142,Control
P1030,-2.094,Control
P1031,-2.045,Control
P1032,-1.997,Control
P1033,-1.948,Control
P1034,-1.9,Control
P1035,-1.852,Control
P1036,-1.803,Control
P1037,-1.755,Control
P1038,-1.706,Control
P1039,-1.658,Control
P1040,-1.609,Control
P1041,-1.561,Control
P1042,-1.512,Control
P1043,-1.464,Control
P1044,-1.415,Control
P1045,-1.367,Control
P1046,-1.318,Control
P1047,-1.27,Control
P1048,-1.221,Control
P1049,-1.173,Control
P1050,-1.124,Control
P1051,-1.076,Control
P1052,-1.027,Control
P1053,-0.979,Control
P1054,-0.93,Control
P1055,-0.882,Control
P1056,-0.833,Control
P1057,-0.785,Control
P1058,-0.736,Control
P1059,-0.688,Control
P1060,-0.639,Control
P1061,-0.591,Control
P1062,-0.542,Control
P1063,-0.494,Control
P1064,-0.445,Control
P1065,-0.397,Control
P1066,-0.348,Control
P1067,-0.3,Control
P1068,-0.252,Control
P1069,-0.203,Control
P1070,-0.155,Control
P1071,-0.106,Control
P1072,-0.058,Control
P1073,-0.009,Control
P1074,0.039,Control
P1075,0.088,Control
P1076,0.136,Control
P1077,0.185,Control
P1078,0.233,Control
P1079,0.282,Control
P1080,0.33,Control
P1081,0.379,Control
P1082,0.427,Control
P1083,0.476,Control
P1084,0.524,Control
P1085,0.573,Control
P1086,0.621,Control
P1087,0.67,Control
P1088,0.718,Control
P1089,0.767,Control
P1090,0.815,Control
P1091,0.864,Control
P1092,0.912,Control
P1093,0.961,Control
P1094,1.009,Control
P1095,1.058,Control
P1096,1.106,Control
P1097,1.155,Control
P1098,1.203,Control
P1099,1.252,Control
P1100,1.3,Control
P1101,-1.3,Case
P1102,-1.252,Case
P1103,-1.203,Case
P1104,-1.155,Case
P1105,-1.106,Case
P1106,-1.058,Case
P1107,-1.009,Case
P1108,-0.961,Case
P1109,-0.912,Case
P1110,-0.864,Case
P1111,-0.815,Case
P1112,-0.767,Case
P1113,-0.718,Case
P1114,-0.67,Case
P1115,-0.621,Case
P1116,-0.573,Case
P1117,-0.524,Case
P1118,-0.476,Case
P1119,-0.427,Case
P1120,-0.379,Case
P1121,-0.33,Case
P1122,-0.282,Case
P1123,-0.233,Case
P1124,-0.185,Case
P1125,-0.136,Case
P1126,-0.088,Case
P1127,-0.039,Case
P1128,0.009,Case
P1129,0.058,Case
P1130,0.106,Case
P1131,0.155,Case
P1132,0.203,Case
P1133,0.252,Case
P1134,0.3,Case
P1135,0.348,Case
P1136,0.397,Case
P1137,0.445,Case
P1138,0.494,Case
P1139,0.542,Case
P1140,0.591,Case
P1141,0.639,Case
P1142,0.688,Case
P1143,0.736,Case
P1144,0.785,Case
P1145,0.833,Case
P1146,0.882,Case
P1147,0.93,Case
P1148,0.979,Case
P1149,1.027,Case
P1150,1.076,Case
P1151,1.124,Case
P1152,1.173,Case
P1153,1.221,Case
P1154,1.27,Case
P1155,1.318,Case
P1156,1.367,Case
P1157,1.415,Case
P1158,1.464,Case
P1159,1.512,Case
P1160,1.561,Case
P1161,1.609,Case
P1162,1.658,Case
P1163,1.706,Case
P1164,1.755,Case
P1165,1.803,Case
P1166,1.852,Case
P1167,1.9,Case
P1168,1.948,Case
P1169,1.997,Case
P1170,2.045,Case
P1171,2.094,Case
P1172,2.142,Case
P1173,2.191,Case
P1174,2.239,Case
P1175,2.288,Case
P1176,2.336,Case
P1177,2.385,Case
P1178,2.433,Case
P1179,2.482,Case
P1180,2.53,Case
P1181,2.579,Case
P1182,2.627,Case
P1183,2.676,Case
P1184,2.724,Case
P1185,2.773,Case
P1186,2.821,Case
P1187,2.87,Case
P1188,2.918,Case
P1189,2.967,Case
P1190,3.015,Case
P1191,3.064,Case
P1192,3.112,Case
P1193,3.161,Case
P1194,3.209,Case
P1195,3.258,Case
P1196,3.306,Case
P1197,3.355,Case
P1198,3.403,Case
P1199,3.452,Case
P1200,3.5,Case
